timestamp,temperature,device_type,error_flag,anomaly
2025-01-01 00:00:00,54.96714153011233,C,0,0
2025-01-01 00:01:00,48.61735698828815,D,0,0
2025-01-01 00:02:00,56.47688538100692,A,0,0
2025-01-01 00:03:00,65.23029856408026,D,0,0
2025-01-01 00:04:00,47.658466252766644,C,1,0
2025-01-01 00:05:00,47.6586304305082,A,0,0
2025-01-01 00:06:00,65.79212815507391,C,0,0
2025-01-01 00:07:00,57.67434729152909,C,0,0
2025-01-01 00:08:00,45.30525614065048,B,0,0
2025-01-01 00:09:00,55.42560043585965,A,0,0
2025-01-01 00:10:00,45.365823071875376,B,0,0
2025-01-01 00:11:00,45.34270246429743,A,0,0
2025-01-01 00:12:00,52.41962271566034,C,0,0
2025-01-01 00:13:00,84.579651632695,C,1,1
2025-01-01 00:14:00,32.75082167486967,D,0,0
2025-01-01 00:15:00,44.37712470759027,A,0,0
2025-01-01 00:16:00,39.87168879665576,B,0,0
2025-01-01 00:17:00,53.142473325952736,D,0,0
2025-01-01 00:18:00,40.91975924478789,D,0,0
2025-01-01 00:19:00,35.87696298664709,D,1,0
2025-01-01 00:20:00,64.65648768921554,B,0,0
2025-01-01 00:21:00,47.74223699513465,D,0,0
2025-01-01 00:22:00,50.67528204687924,B,0,0
2025-01-01 00:23:00,35.75251813786544,D,0,0
2025-01-01 00:24:00,44.556172754748175,B,0,0
2025-01-01 00:25:00,103.55142617280075,C,1,1
2025-01-01 00:26:00,38.490064225776976,C,0,0
2025-01-01 00:27:00,53.75698018345672,C,0,0
2025-01-01 00:28:00,43.99361310081195,C,0,0
2025-01-01 00:29:00,47.083062502067236,C,0,0
2025-01-01 00:30:00,43.98293387770603,D,0,0
2025-01-01 00:31:00,68.52278184508938,D,1,0
2025-01-01 00:32:00,49.86502775262066,D,0,0
2025-01-01 00:33:00,39.422890710440996,B,0,0
2025-01-01 00:34:00,58.225449121031886,B,1,0
2025-01-01 00:35:00,37.791563500289776,B,0,0
2025-01-01 00:36:00,52.08863595004755,B,0,0
2025-01-01 00:37:00,30.403298761202244,C,0,0
2025-01-01 00:38:00,36.71813951101569,C,0,0
2025-01-01 00:39:00,51.96861235869123,C,0,0
2025-01-01 00:40:00,57.38466579995411,A,0,0
2025-01-01 00:41:00,75.64152746469775,D,1,1
2025-01-01 00:42:00,48.843517176117594,B,1,0
2025-01-01 00:43:00,46.98896304410711,B,0,0
2025-01-01 00:44:00,35.214780096325725,C,0,0
2025-01-01 00:45:00,42.801557916052914,B,0,0
2025-01-01 00:46:00,45.393612290402125,B,0,0
2025-01-01 00:47:00,60.57122226218915,D,0,0
2025-01-01 00:48:00,53.43618289568462,C,1,0
2025-01-01 00:49:00,32.36959844637266,D,0,0
2025-01-01 00:50:00,53.24083969394795,A,0,0
2025-01-01 00:51:00,46.149177195836835,A,0,0
2025-01-01 00:52:00,74.97172255031546,A,1,1
2025-01-01 00:53:00,56.11676288840868,C,0,0
2025-01-01 00:54:00,60.30999522495951,B,0,0
2025-01-01 00:55:00,59.31280119116199,C,0,0
2025-01-01 00:56:00,41.607824767773614,C,0,0
2025-01-01 00:57:00,46.907876241487855,B,0,0
2025-01-01 00:58:00,53.31263431403564,D,1,0
2025-01-01 00:59:00,59.75545127122359,A,0,0
2025-01-01 01:00:00,45.2082576215471,D,0,0
2025-01-01 01:01:00,48.14341023336183,A,0,0
2025-01-01 01:02:00,38.93665025993972,C,0,0
2025-01-01 01:03:00,38.037933759193294,A,0,0
2025-01-01 01:04:00,58.125258223941984,C,0,0
2025-01-01 01:05:00,63.56240028570823,D,0,0
2025-01-01 01:06:00,49.27989878419666,C,0,0
2025-01-01 01:07:00,60.03532897892024,D,0,0
2025-01-01 01:08:00,53.61636025047634,B,1,0
2025-01-01 01:09:00,43.54880245394876,B,1,0
2025-01-01 01:10:00,53.61395605508414,B,0,0
2025-01-01 01:11:00,65.38036566465969,C,0,0
2025-01-01 01:12:00,49.64173960890049,B,0,0
2025-01-01 01:13:00,65.64643655814007,A,0,0
2025-01-01 01:14:00,23.802548959102555,D,0,0
2025-01-01 01:15:00,58.21902504375224,D,0,0
2025-01-01 01:16:00,50.870470682381715,A,0,0
2025-01-01 01:17:00,47.009926495341325,C,0,0
2025-01-01 01:18:00,50.91760776535502,C,0,0
2025-01-01 01:19:00,30.124310853991073,D,0,0
2025-01-01 01:20:00,47.80328112162488,B,0,0
2025-01-01 01:21:00,53.57112571511746,C,0,0
2025-01-01 01:22:00,64.77894044741517,C,0,0
2025-01-01 01:23:00,44.81729781726352,A,0,0
2025-01-01 01:24:00,41.91506397106812,A,0,0
2025-01-01 01:25:00,44.982429564154636,B,0,0
2025-01-01 01:26:00,59.15402117702074,C,0,0
2025-01-01 01:27:00,53.287511096596845,C,0,0
2025-01-01 01:28:00,44.70239796232961,A,0,0
2025-01-01 01:29:00,55.13267433113356,C,0,0
2025-01-01 01:30:00,50.9707754934804,D,0,0
2025-01-01 01:31:00,59.68644990532889,A,0,0
2025-01-01 01:32:00,42.979469061226474,B,0,0
2025-01-01 01:33:00,46.723378534022316,A,1,0
2025-01-01 01:34:00,46.078918468678424,C,0,0
2025-01-01 01:35:00,35.364850518678814,B,0,0
2025-01-01 01:36:00,52.96120277064576,A,0,0
2025-01-01 01:37:00,52.610552721798896,D,0,0
2025-01-01 01:38:00,50.05113456642461,D,0,0
2025-01-01 01:39:00,47.65412866624853,A,0,0
2025-01-01 01:40:00,35.84629257949586,D,0,0
2025-01-01 01:41:00,45.79354677234641,D,0,0
2025-01-01 01:42:00,46.572854834732304,D,0,0
2025-01-01 01:43:00,41.97722730778381,B,0,0
2025-01-01 01:44:00,48.387142883339905,D,0,0
2025-01-01 01:45:00,54.040508568145384,D,0,0
2025-01-01 01:46:00,68.8618590121053,D,0,0
2025-01-01 01:47:00,51.74577812831839,B,0,0
2025-01-01 01:48:00,52.57550390722764,A,0,0
2025-01-01 01:49:00,49.25554084233833,C,0,0
2025-01-01 01:50:00,30.812287847009586,D,1,0
2025-01-01 01:51:00,49.73486124550783,A,0,0
2025-01-01 01:52:00,50.60230209941027,D,0,0
2025-01-01 01:53:00,74.63242112485287,B,0,0
2025-01-01 01:54:00,48.076390352188774,A,0,0
2025-01-01 01:55:00,53.015473423336125,B,0,0
2025-01-01 01:56:00,49.65288230294757,D,1,0
2025-01-01 01:57:00,38.31321962380468,D,0,0
2025-01-01 01:58:00,61.42822814515021,B,0,0
2025-01-01 01:59:00,57.519330326867745,C,0,0
2025-01-01 02:00:00,57.910319470430466,B,0,0
2025-01-01 02:01:00,40.906125452052606,D,0,0
2025-01-01 02:02:00,64.02794310936099,B,0,0
2025-01-01 02:03:00,35.98148937207719,C,0,0
2025-01-01 02:04:00,55.868570938002705,B,0,0
2025-01-01 02:05:00,71.90455625809979,C,0,0
2025-01-01 02:06:00,40.09463674869312,C,0,0
2025-01-01 02:07:00,44.33702270397228,B,0,0
2025-01-01 02:08:00,50.99651365087641,B,0,0
2025-01-01 02:09:00,44.96524345883801,A,0,0
2025-01-01 02:10:00,34.493365689338674,D,0,0
2025-01-01 02:11:00,50.68562974806027,C,0,0
2025-01-01 02:12:00,39.37696286273895,A,0,0
2025-01-01 02:13:00,54.73592430635182,B,0,0
2025-01-01 02:14:00,40.80575765766197,D,0,0
2025-01-01 02:15:00,65.4993440501754,A,0,0
2025-01-01 02:16:00,42.16746707663763,C,0,0
2025-01-01 02:17:00,46.77938483794324,A,0,0
2025-01-01 02:18:00,58.135172173696695,C,0,0
2025-01-01 02:19:00,37.69135683566045,B,0,0
2025-01-01 02:20:00,52.27459934604129,D,0,0
2025-01-01 02:21:00,63.07142754282428,D,0,0
2025-01-01 02:22:00,33.92516765438772,D,0,0
2025-01-01 02:23:00,51.84633858532304,B,0,0
2025-01-01 02:24:00,52.598827942484235,C,0,0
2025-01-01 02:25:00,57.8182287177731,B,0,0
2025-01-01 02:26:00,37.63049289121918,D,0,0
2025-01-01 02:27:00,36.795433869157236,B,0,0
2025-01-01 02:28:00,55.21941565616898,B,0,0
2025-01-01 02:29:00,52.96984673233186,B,0,0
2025-01-01 02:30:00,52.504928503458764,C,0,0
2025-01-01 02:31:00,53.46448209496975,A,0,0
2025-01-01 02:32:00,43.19975278421509,A,0,0
2025-01-01 02:33:00,52.322536971610035,B,0,0
2025-01-01 02:34:00,52.93072473298681,A,0,0
2025-01-01 02:35:00,42.85648581973632,A,0,0
2025-01-01 02:36:00,68.65774511144757,B,0,0
2025-01-01 02:37:00,54.73832920911788,B,0,0
2025-01-01 02:38:00,38.08696502797351,D,1,0
2025-01-01 02:39:00,56.5655360863383,A,1,0
2025-01-01 02:40:00,40.253183297726785,C,0,0
2025-01-01 02:41:00,57.87084603742452,B,0,0
2025-01-01 02:42:00,94.91887603642296,D,1,1
2025-01-01 02:43:00,41.7931768164829,C,0,0
2025-01-01 02:44:00,59.63376129244322,A,0,0
2025-01-01 02:45:00,54.12780926936498,D,0,0
2025-01-01 02:46:00,58.2206015999449,B,0,0
2025-01-01 02:47:00,68.96792982653947,C,0,0
2025-01-01 02:48:00,47.54611883997129,B,0,0
2025-01-01 02:49:00,42.4626383564251,A,0,0
2025-01-01 02:50:00,41.10485570374477,C,0,0
2025-01-01 02:51:00,41.841897150345616,A,0,0
2025-01-01 02:52:00,49.228982905858956,A,0,0
2025-01-01 02:53:00,53.41151974816644,D,0,0
2025-01-01 02:54:00,52.766907993300194,B,0,0
2025-01-01 02:55:00,58.27183249036024,C,0,0
2025-01-01 02:56:00,50.13001891877907,A,0,0
2025-01-01 02:57:00,64.53534077157317,A,0,0
2025-01-01 02:58:00,47.35343166762044,C,0,0
2025-01-01 02:59:00,63.08840729351677,A,1,1
2025-01-01 03:00:00,56.25667347765006,D,0,0
2025-01-01 03:01:00,41.42842443583717,D,0,0
2025-01-01 03:02:00,39.29107501938888,D,0,0
2025-01-01 03:03:00,54.824724152431855,D,0,0
2025-01-01 03:04:00,47.76537214674149,A,0,0
2025-01-01 03:05:00,57.14000494092092,C,0,0
2025-01-01 03:06:00,54.73237624573545,C,0,0
2025-01-01 03:07:00,49.271710873431275,C,0,0
2025-01-01 03:08:00,41.532062819315954,C,0,0
2025-01-01 03:09:00,34.851527753141355,B,0,0
2025-01-01 03:10:00,45.53485047932979,C,0,0
2025-01-01 03:11:00,58.56398794323472,B,0,0
2025-01-01 03:12:00,52.14093744130204,B,0,0
2025-01-01 03:13:00,37.542612212880115,D,0,0
2025-01-01 03:14:00,51.73180925851182,B,0,0
2025-01-01 03:15:00,53.85317379728837,A,0,0
2025-01-01 03:16:00,41.16142563798867,B,0,0
2025-01-01 03:17:00,51.53725105945528,D,0,0
2025-01-01 03:18:00,50.58208718446,B,0,0
2025-01-01 03:19:00,38.57029702169377,A,0,0
2025-01-01 03:20:00,53.577873603482836,A,1,0
2025-01-01 03:21:00,55.60784526368234,A,0,0
2025-01-01 03:22:00,60.830512431752766,D,0,0
2025-01-01 03:23:00,60.53802052034903,D,0,0
2025-01-01 03:24:00,36.22330632042909,C,0,0
2025-01-01 03:25:00,40.62174960084877,D,0,0
2025-01-01 03:26:00,55.1503526720866,A,1,0
2025-01-01 03:27:00,55.13785950912209,A,0,0
2025-01-01 03:28:00,55.150476863060476,D,0,0
2025-01-01 03:29:00,88.52731490654722,B,0,0
2025-01-01 03:30:00,55.70890510693167,D,0,0
2025-01-01 03:31:00,61.35565640180599,D,0,0
2025-01-01 03:32:00,59.54001763493203,A,0,0
2025-01-01 03:33:00,56.51391251305798,C,0,0
2025-01-01 03:34:00,46.84730755359654,A,0,0
2025-01-01 03:35:00,57.589692204932675,C,0,0
2025-01-01 03:36:00,129.8403573872211,A,1,1
2025-01-01 03:37:00,47.63181393259991,D,0,0
2025-01-01 03:38:00,45.14636452170897,A,0,0
2025-01-01 03:39:00,50.81874139386323,A,0,0
2025-01-01 03:40:00,73.14658566673509,A,0,0
2025-01-01 03:41:00,31.32734807408252,D,0,0
2025-01-01 03:42:00,56.86260190374514,D,0,0
2025-01-01 03:43:00,33.87284128810349,D,0,0
2025-01-01 03:44:00,45.280681342105666,D,1,0
2025-01-01 03:45:00,60.889505969673664,C,0,0
2025-01-01 03:46:00,50.64280019095463,C,1,0
2025-01-01 03:47:00,39.22255222070694,B,0,0
2025-01-01 03:48:00,108.7732441270217,D,1,1
2025-01-01 03:49:00,56.79597748934676,C,0,0
2025-01-01 03:50:00,42.69633368282864,A,0,0
2025-01-01 03:51:00,52.16458589581975,D,1,0
2025-01-01 03:52:00,50.45571839903814,B,0,0
2025-01-01 03:53:00,43.483996523941826,B,0,0
2025-01-01 03:54:00,71.43944089325325,B,0,0
2025-01-01 03:55:00,56.33919022318011,A,0,0
2025-01-01 03:56:00,29.74857413342393,C,0,0
2025-01-01 03:57:00,51.86454314769428,A,1,0
2025-01-01 03:58:00,43.38213535231612,D,0,0
2025-01-01 03:59:00,58.52433334796224,B,0,0
2025-01-01 04:00:00,42.07479261567299,A,0,0
2025-01-01 04:01:00,48.85263558533101,A,0,0
2025-01-01 04:02:00,55.049872789804574,C,0,0
2025-01-01 04:03:00,83.27644237025406,C,1,1
2025-01-01 04:04:00,37.997035929442234,B,0,0
2025-01-01 04:05:00,46.654987641590516,A,0,0
2025-01-01 04:06:00,45.25054688839044,A,0,0
2025-01-01 04:07:00,43.46670767426288,C,0,0
2025-01-01 04:08:00,67.65454240281096,A,0,0
2025-01-01 04:09:00,54.049817109609556,A,0,0
2025-01-01 04:10:00,37.391160456649544,A,0,0
2025-01-01 04:11:00,59.17861947054776,C,0,0
2025-01-01 04:12:00,71.22156197012633,B,0,0
2025-01-01 04:13:00,60.32465260551147,D,0,0
2025-01-01 04:14:00,34.80630034045987,B,0,0
2025-01-01 04:15:00,45.15765927133749,D,0,0
2025-01-01 04:16:00,93.99236518960458,A,1,1
2025-01-01 04:17:00,42.92330534381219,B,1,0
2025-01-01 04:18:00,54.43819428146229,D,0,0
2025-01-01 04:19:00,57.74634053429337,C,0,0
2025-01-01 04:20:00,40.730695284219166,C,0,0
2025-01-01 04:21:00,49.404746439382,B,0,0
2025-01-01 04:22:00,17.58732659930927,B,0,0
2025-01-01 04:23:00,39.756123586657104,A,0,0
2025-01-01 04:24:00,47.4743184860684,B,0,0
2025-01-01 04:25:00,37.52216818035151,A,0,0
2025-01-01 04:26:00,66.32411303931636,A,0,0
2025-01-01 04:27:00,35.69858622039367,C,0,0
2025-01-01 04:28:00,45.599555133030165,C,0,0
2025-01-01 04:29:00,51.30740577286091,D,0,0
2025-01-01 04:30:00,64.41273289066116,C,0,0
2025-01-01 04:31:00,35.6413784882056,C,0,0
2025-01-01 04:32:00,61.63163752154959,B,0,0
2025-01-01 04:33:00,50.10233061019587,C,0,0
2025-01-01 04:34:00,40.18491348952049,D,0,0
2025-01-01 04:35:00,54.62103474263271,B,0,0
2025-01-01 04:36:00,51.9905969557347,D,0,0
2025-01-01 04:37:00,43.99783122841205,C,0,0
2025-01-01 04:38:00,50.69802084990019,D,0,0
2025-01-01 04:39:00,46.1468640313824,B,0,0
2025-01-01 04:40:00,104.2913480674703,A,1,1
2025-01-01 04:41:00,56.62130674521047,D,0,0
2025-01-01 04:42:00,65.86016816145352,D,1,0
2025-01-01 04:43:00,37.62184501173151,B,0,0
2025-01-01 04:44:00,71.33033374656267,B,0,0
2025-01-01 04:45:00,30.479122004774982,D,0,0
2025-01-01 04:46:00,48.482149049644164,C,0,0
2025-01-01 04:47:00,108.83551993177463,D,1,1
2025-01-01 04:48:00,52.809918677350325,B,0,0
2025-01-01 04:49:00,43.77300480179406,A,0,0
2025-01-01 04:50:00,47.918777496427246,A,0,0
2025-01-01 04:51:00,98.07945189361293,C,1,1
2025-01-01 04:52:00,44.106352430557884,D,0,0
2025-01-01 04:53:00,58.496020970210246,A,0,0
2025-01-01 04:54:00,53.57015485965047,D,0,0
2025-01-01 04:55:00,43.070904047393455,B,1,0
2025-01-01 04:56:00,58.995998754332504,A,0,0
2025-01-01 04:57:00,53.072995208766095,C,0,0
2025-01-01 04:58:00,58.1286211883896,B,0,0
2025-01-01 04:59:00,56.29628841923612,C,0,0
2025-01-01 05:00:00,41.710049890779274,B,0,0
2025-01-01 05:01:00,44.39818959803031,A,0,0
2025-01-01 05:02:00,57.472936051232615,C,0,0
2025-01-01 05:03:00,56.10370265433465,C,0,0
2025-01-01 05:04:00,49.79098406035852,B,1,0
2025-01-01 05:05:00,51.17327383308782,C,0,0
2025-01-01 05:06:00,119.38046747237576,B,1,1
2025-01-01 05:07:00,44.0842861116417,B,0,0
2025-01-01 05:08:00,55.470973811700375,B,0,0
2025-01-01 05:09:00,47.97807347566106,B,0,0
2025-01-01 05:10:00,47.8231879677278,A,0,0
2025-01-01 05:11:00,60.9877685198719,B,1,0
2025-01-01 05:12:00,58.2541634898803,D,0,0
2025-01-01 05:13:00,58.135096360006386,C,1,0
2025-01-01 05:14:00,63.05478807154329,D,0,0
2025-01-01 05:15:00,50.21003841632759,A,0,0
2025-01-01 05:16:00,56.81952971294964,D,0,0
2025-01-01 05:17:00,46.89733243406544,C,0,0
2025-01-01 05:18:00,53.24166352488442,D,0,0
2025-01-01 05:19:00,48.698569456323156,A,0,0
2025-01-01 05:20:00,50.96995964992718,B,0,0
2025-01-01 05:21:00,55.95157025436914,D,0,0
2025-01-01 05:22:00,41.81779316766527,A,0,0
2025-01-01 05:23:00,70.9238727568546,A,0,0
2025-01-01 05:24:00,39.93982618500298,C,0,0
2025-01-01 05:25:00,37.85811387212268,C,0,0
2025-01-01 05:26:00,61.581108735000676,D,1,0
2025-01-01 05:27:00,110.86593328164581,B,1,1
2025-01-01 05:28:00,56.24119817052155,A,1,0
2025-01-01 05:29:00,56.2834550926428,D,0,0
2025-01-01 05:30:00,49.87753227153085,A,0,0
2025-01-01 05:31:00,41.02745628514168,A,0,0
2025-01-01 05:32:00,50.75804558193726,B,0,0
2025-01-01 05:33:00,43.22838288487888,B,0,0
2025-01-01 05:34:00,59.75119733417751,D,0,0
2025-01-01 05:35:00,48.52942618497861,B,0,0
2025-01-01 05:36:00,41.745028032074885,B,0,0
2025-01-01 05:37:00,46.78614158347007,D,0,0
2025-01-01 05:38:00,54.12931454275624,B,0,0
2025-01-01 05:39:00,44.36275447196025,C,0,0
2025-01-01 05:40:00,41.77779604433569,A,0,0
2025-01-01 05:41:00,52.436872114919126,A,0,0
2025-01-01 05:42:00,52.44966571108723,A,0,0
2025-01-01 05:43:00,44.9305682462887,A,0,0
2025-01-01 05:44:00,45.289616943816775,D,0,0
2025-01-01 05:45:00,52.32049937357636,A,0,0
2025-01-01 05:46:00,35.51915658502676,A,0,0
2025-01-01 05:47:00,35.92536225623445,A,0,0
2025-01-01 05:48:00,42.81555778747564,A,0,0
2025-01-01 05:49:00,47.86552848288153,C,0,0
2025-01-01 05:50:00,53.10907565598005,A,0,0
2025-01-01 05:51:00,64.75356216949552,C,0,0
2025-01-01 05:52:00,58.576596232020194,D,0,0
2025-01-01 05:53:00,48.40061470036573,B,0,0
2025-01-01 05:54:00,49.80983792097311,A,0,0
2025-01-01 05:55:00,39.97470635362191,B,0,0
2025-01-01 05:56:00,49.8148686400761,B,0,0
2025-01-01 05:57:00,47.11341361079862,D,0,0
2025-01-01 05:58:00,53.227185603380896,B,0,0
2025-01-01 05:59:00,41.727690564476774,C,0,0
2025-01-01 06:00:00,55.193465142411725,B,0,0
2025-01-01 06:01:00,65.32738913002578,B,0,0
2025-01-01 06:02:00,48.91239851543143,B,0,0
2025-01-01 06:03:00,54.01711722098941,A,0,0
2025-01-01 06:04:00,56.90143991711113,A,0,0
2025-01-01 06:05:00,45.987795281141636,C,0,0
2025-01-01 06:06:00,52.24092481810417,C,0,0
2025-01-01 06:07:00,50.12592400781795,A,0,0
2025-01-01 06:08:00,50.97676098548832,C,0,0
2025-01-01 06:09:00,42.26990216144534,A,1,0
2025-01-01 06:10:00,50.245101742589426,D,0,0
2025-01-01 06:11:00,54.979982912454496,B,0,0
2025-01-01 06:12:00,64.51143607795042,B,0,0
2025-01-01 06:13:00,59.59270826085207,C,0,0
2025-01-01 06:14:00,71.53182457511556,A,0,0
2025-01-01 06:15:00,42.326524371119504,A,0,0
2025-01-01 06:16:00,58.723206367206785,C,0,0
2025-01-01 06:17:00,51.83342005738352,A,0,0
2025-01-01 06:18:00,71.89802933217672,D,0,0
2025-01-01 06:19:00,41.91701714644849,B,0,0
2025-01-01 06:20:00,41.602781578192236,C,0,0
2025-01-01 06:21:00,44.00607354555978,C,0,0
2025-01-01 06:22:00,28.76104275690193,A,0,0
2025-01-01 06:23:00,44.74244978319239,C,0,0
2025-01-01 06:24:00,42.40867338446302,D,0,0
2025-01-01 06:25:00,51.50393786476208,A,0,0
2025-01-01 06:26:00,53.41755975777159,A,0,0
2025-01-01 06:27:00,68.76170839215887,A,0,0
2025-01-01 06:28:00,59.5042383818605,A,0,0
2025-01-01 06:29:00,44.23096344337597,D,1,0
2025-01-01 06:30:00,41.01585328651642,A,0,0
2025-01-01 06:31:00,54.919191715065054,C,0,0
2025-01-01 06:32:00,36.797667929793576,D,0,0
2025-01-01 06:33:00,68.31458765854353,B,0,0
2025-01-01 06:34:00,61.79440120721287,B,0,0
2025-01-01 06:35:00,45.30824347895295,C,1,0
2025-01-01 06:36:00,32.868654709091224,C,0,0
2025-01-01 06:37:00,63.538723741654124,D,0,0
2025-01-01 06:38:00,48.85460154747382,B,0,0
2025-01-01 06:39:00,62.378163119734616,B,0,0
2025-01-01 06:40:00,34.05572341205633,B,0,0
2025-01-01 06:41:00,44.00624977046227,B,0,0
2025-01-01 06:42:00,50.05243699718183,B,0,0
2025-01-01 06:43:00,50.46980593764742,A,0,0
2025-01-01 06:44:00,45.49934528520756,C,1,0
2025-01-01 06:45:00,56.228499323474985,A,0,0
2025-01-01 06:46:00,39.32379570617405,B,0,0
2025-01-01 06:47:00,48.576205149787064,D,0,0
2025-01-01 06:48:00,51.20295631711899,D,0,0
2025-01-01 06:49:00,55.14438834058749,B,1,0
2025-01-01 06:50:00,57.1161487808889,B,0,0
2025-01-01 06:51:00,38.75357908162131,D,0,0
2025-01-01 06:52:00,34.65885829264378,A,0,0
2025-01-01 06:53:00,62.77676821898509,A,1,0
2025-01-01 06:54:00,53.323140119795916,B,0,0
2025-01-01 06:55:00,42.51513463443446,A,0,0
2025-01-01 06:56:00,65.51151975522524,D,0,0
2025-01-01 06:57:00,51.156746342928585,A,1,0
2025-01-01 06:58:00,61.792971840638266,B,0,0
2025-01-01 06:59:00,50.67518481410109,D,0,0
2025-01-01 07:00:00,70.60747924881987,A,0,0
2025-01-01 07:01:00,67.55340842443204,C,0,0
2025-01-01 07:02:00,47.51035851520926,D,0,0
2025-01-01 07:03:00,59.71570950954356,D,0,0
2025-01-01 07:04:00,56.45375949585147,C,0,0
2025-01-01 07:05:00,63.68631557532349,C,0,0
2025-01-01 07:06:00,40.35076539419896,D,0,0
2025-01-01 07:07:00,56.86051459998439,C,0,0
2025-01-01 07:08:00,60.58424486849588,B,0,0
2025-01-01 07:09:00,32.41260513576886,B,0,0
2025-01-01 07:10:00,38.16741487334225,B,0,0
2025-01-01 07:11:00,29.607678222398995,D,0,0
2025-01-01 07:12:00,47.305931655554424,C,0,0
2025-01-01 07:13:00,109.87307130612176,C,1,1
2025-01-01 07:14:00,65.02357052096028,A,0,0
2025-01-01 07:15:00,50.74094780419775,A,0,0
2025-01-01 07:16:00,66.28615545571292,C,1,0
2025-01-01 07:17:00,36.198985417851084,C,0,0
2025-01-01 07:18:00,32.96617560644845,C,0,0
2025-01-01 07:19:00,49.44452301103381,D,0,0
2025-01-01 07:20:00,53.840654489393074,C,0,0
2025-01-01 07:21:00,49.67305251905907,A,0,0
2025-01-01 07:22:00,29.325578999601234,D,0,0
2025-01-01 07:23:00,49.10879960487212,C,0,0
2025-01-01 07:24:00,36.95530499495147,A,0,0
2025-01-01 07:25:00,56.69672548830039,D,0,0
2025-01-01 07:26:00,53.66598246096848,C,0,0
2025-01-01 07:27:00,40.60120213672645,C,1,0
2025-01-01 07:28:00,44.861330826633065,C,0,0
2025-01-01 07:29:00,39.40786478111048,D,0,0
2025-01-01 07:30:00,49.37320902726828,A,0,0
2025-01-01 07:31:00,59.551423205012384,A,0,0
2025-01-01 07:32:00,40.14273953664456,B,0,0
2025-01-01 07:33:00,55.040465155178445,C,0,0
2025-01-01 07:34:00,44.69742381627559,B,0,0
2025-01-01 07:35:00,42.07127167737656,B,1,0
2025-01-01 07:36:00,48.929696400454425,A,0,0
2025-01-01 07:37:00,39.64757677580626,D,0,0
2025-01-01 07:38:00,44.46350694652818,D,0,0
2025-01-01 07:39:00,59.69588023289171,A,1,1
2025-01-01 07:40:00,69.6472513291639,D,0,0
2025-01-01 07:41:00,50.35263551971729,B,0,0
2025-01-01 07:42:00,43.00274492007414,C,0,0
2025-01-01 07:43:00,52.13979910734222,A,0,0
2025-01-01 07:44:00,48.8767195030917,C,0,0
2025-01-01 07:45:00,47.79030400466777,D,0,0
2025-01-01 07:46:00,56.14166700043425,C,0,0
2025-01-01 07:47:00,57.57507710047305,D,0,0
2025-01-01 07:48:00,44.69498852389472,D,0,0
2025-01-01 07:49:00,44.2418175935532,B,0,0
2025-01-01 07:50:00,47.24948302848356,D,0,0
2025-01-01 07:51:00,26.98078835264415,B,0,0
2025-01-01 07:52:00,34.84808937801448,B,0,0
2025-01-01 07:53:00,63.66874267444525,B,0,0
2025-01-01 07:54:00,66.44967713501283,A,0,0
2025-01-01 07:55:00,47.50963960443622,A,0,0
2025-01-01 07:56:00,55.765569630557664,D,0,0
2025-01-01 07:57:00,53.112501545435364,B,0,0
2025-01-01 07:58:00,80.78880808455239,A,1,0
2025-01-01 07:59:00,61.195749114345766,B,0,0
2025-01-01 08:00:00,48.72082408519233,C,0,0
2025-01-01 08:01:00,40.44459559399574,C,0,0
2025-01-01 08:02:00,33.93553679742428,C,0,0
2025-01-01 08:03:00,52.03463635867223,D,0,0
2025-01-01 08:04:00,42.436492547156966,B,0,0
2025-01-01 08:05:00,35.77746290402326,C,0,0
2025-01-01 08:06:00,43.534271157574736,A,0,0
2025-01-01 08:07:00,39.18451996385605,C,0,0
2025-01-01 08:08:00,66.87141635072564,C,0,0
2025-01-01 08:09:00,58.816397569494505,C,0,0
2025-01-01 08:10:00,93.64060867130276,D,1,1
2025-01-01 08:11:00,64.79944138890026,A,0,0
2025-01-01 08:12:00,50.77368307647618,B,0,0
2025-01-01 08:13:00,41.38715798671736,A,0,0
2025-01-01 08:14:00,65.23124077269657,B,0,0
2025-01-01 08:15:00,55.38910043684659,D,0,0
2025-01-01 08:16:00,39.62753845673544,D,0,0
2025-01-01 08:17:00,48.09661321916392,D,0,0
2025-01-01 08:18:00,41.24381746615243,D,0,0
2025-01-01 08:19:00,36.172002690356635,B,0,0
2025-01-01 08:20:00,59.26177547531641,C,0,0
2025-01-01 08:21:00,69.0941664047013,B,0,0
2025-01-01 08:22:00,36.01432426180859,A,0,0
2025-01-01 08:23:00,55.62969236690571,D,0,0
2025-01-01 08:24:00,43.49357430878173,D,0,0
2025-01-01 08:25:00,45.12874616235304,A,0,0
2025-01-01 08:26:00,44.07606075761131,B,0,0
2025-01-01 08:27:00,41.36009230320184,C,0,0
2025-01-01 08:28:00,50.48521627944827,C,1,0
2025-01-01 08:29:00,104.95665953748048,A,1,1
2025-01-01 08:30:00,52.704568257798385,C,0,0
2025-01-01 08:31:00,49.49761890550863,B,0,0
2025-01-01 08:32:00,47.6105195313359,B,0,0
2025-01-01 08:33:00,40.92436337958402,A,0,0
2025-01-01 08:34:00,44.23228669431667,B,0,0
2025-01-01 08:35:00,57.55391225825756,D,0,0
2025-01-01 08:36:00,55.009171876243805,A,0,0
2025-01-01 08:37:00,40.22444755201449,B,0,0
2025-01-01 08:38:00,50.99332305429226,A,1,0
2025-01-01 08:39:00,57.51387123371789,C,0,0
2025-01-01 08:40:00,33.305947188786284,B,0,0
2025-01-01 08:41:00,55.43360192379935,D,0,0
2025-01-01 08:42:00,43.37376241054153,B,0,0
2025-01-01 08:43:00,132.5086371831756,A,1,1
2025-01-01 08:44:00,42.367408434574834,A,1,0
2025-01-01 08:45:00,31.95117899335481,B,0,0
2025-01-01 08:46:00,33.72457562116837,D,0,0
2025-01-01 08:47:00,50.48084946661382,D,0,0
2025-01-01 08:48:00,52.59722501721482,D,0,0
2025-01-01 08:49:00,40.956833748955916,A,1,0
2025-01-01 08:50:00,56.38592458777374,B,0,0
2025-01-01 08:51:00,33.3847993773104,C,0,0
2025-01-01 08:52:00,106.30683717801307,A,1,1
2025-01-01 08:53:00,37.889838002375434,D,0,0
2025-01-01 08:54:00,43.48163892197841,B,0,0
2025-01-01 08:55:00,50.47398671316414,D,0,0
2025-01-01 08:56:00,41.39586634716048,C,0,0
2025-01-01 08:57:00,46.154444557701744,D,0,0
2025-01-01 08:58:00,60.0629280921444,D,0,0
2025-01-01 08:59:00,121.80868682798219,C,1,1
2025-01-01 09:00:00,58.35692112065142,B,0,0
2025-01-01 09:01:00,38.702931453423815,A,0,0
2025-01-01 09:02:00,55.298041779152825,B,0,0
2025-01-01 09:03:00,64.41568620657901,C,0,0
2025-01-01 09:04:00,25.283554998727105,D,0,0
2025-01-01 09:05:00,42.03104744529523,B,0,0
2025-01-01 09:06:00,55.7707212718054,A,0,0
2025-01-01 09:07:00,47.96954613957007,C,0,0
2025-01-01 09:08:00,97.87162239994024,B,1,1
2025-01-01 09:09:00,128.15052915076745,A,1,1
2025-01-01 09:10:00,50.865897874729,C,0,0
2025-01-01 09:11:00,48.44322764607921,A,0,0
2025-01-01 09:12:00,61.67782061659807,C,0,0
2025-01-01 09:13:00,52.54420843301213,D,0,0
2025-01-01 09:14:00,53.37602662075202,B,0,0
2025-01-01 09:15:00,45.881230338775325,A,1,0
2025-01-01 09:16:00,45.123937759275066,C,0,0
2025-01-01 09:17:00,45.67441812180379,A,0,0
2025-01-01 09:18:00,53.944521423782966,A,0,0
2025-01-01 09:19:00,45.79015519179737,B,0,0
2025-01-01 09:20:00,52.89774856896413,D,1,0
2025-01-01 09:21:00,70.75400798645438,A,0,0
2025-01-01 09:22:00,58.711247034316926,C,0,0
2025-01-01 09:23:00,108.89238744802824,C,1,1
2025-01-01 09:24:00,62.012139221639444,D,0,0
2025-01-01 09:25:00,45.91924626978449,C,0,0
2025-01-01 09:26:00,29.61875464822146,D,0,0
2025-01-01 09:27:00,39.91913689082596,C,0,0
2025-01-01 09:28:00,31.292080789741444,B,0,0
2025-01-01 09:29:00,46.48486515958692,A,0,0
2025-01-01 09:30:00,50.184183791895514,B,0,0
2025-01-01 09:31:00,66.76437312275283,A,0,0
2025-01-01 09:32:00,53.269273737641626,A,0,0
2025-01-01 09:33:00,47.80899471191136,A,0,0
2025-01-01 09:34:00,58.294055811834895,B,0,0
2025-01-01 09:35:00,27.88864690992115,A,0,0
2025-01-01 09:36:00,52.356145581085656,B,0,0
2025-01-01 09:37:00,57.708651938869664,D,0,0
2025-01-01 09:38:00,103.86746347650913,C,1,1
2025-01-01 09:39:00,61.43754043206929,C,0,0
2025-01-01 09:40:00,53.38496407494414,A,0,0
2025-01-01 09:41:00,45.847120860991986,B,0,0
2025-01-01 09:42:00,56.32781866106285,C,0,0
2025-01-01 09:43:00,72.70692857804396,B,0,0
2025-01-01 09:44:00,51.81866255058495,B,0,0
2025-01-01 09:45:00,52.48220586300336,A,0,0
2025-01-01 09:46:00,45.40639100459756,C,1,0
2025-01-01 09:47:00,41.50155630535208,A,0,0
2025-01-01 09:48:00,58.303358165442454,A,0,0
2025-01-01 09:49:00,41.43916174091133,C,0,0
2025-01-01 09:50:00,50.715662372193925,C,0,0
2025-01-01 09:51:00,45.223425532348834,D,0,0
2025-01-01 09:52:00,54.78979825746392,D,0,0
2025-01-01 09:53:00,53.33662105286948,B,0,0
2025-01-01 09:54:00,60.375399442578995,C,0,0
2025-01-01 09:55:00,44.89983601145253,D,0,0
2025-01-01 09:56:00,47.30125064706629,B,0,0
2025-01-01 09:57:00,40.21236284217693,B,0,0
2025-01-01 09:58:00,45.55706739923888,B,0,0
2025-01-01 09:59:00,53.77300493044852,D,0,0
2025-01-01 10:00:00,57.56988616645352,C,0,0
2025-01-01 10:01:00,40.77834675822375,A,0,0
2025-01-01 10:02:00,58.6960592010566,B,0,0
2025-01-01 10:03:00,63.55637858804951,D,0,0
2025-01-01 10:04:00,54.13434903223701,D,0,0
2025-01-01 10:05:00,68.76795812558066,A,0,0
2025-01-01 10:06:00,100.02923668382967,A,1,1
2025-01-01 10:07:00,37.55345296688583,D,0,0
2025-01-01 10:08:00,32.212797510957216,C,0,0
2025-01-01 10:09:00,64.96044311489183,A,0,0
2025-01-01 10:10:00,56.54365656354058,D,0,0
2025-01-01 10:11:00,49.44415329089545,A,0,0
2025-01-01 10:12:00,52.799686263198204,C,1,0
2025-01-01 10:13:00,38.74510952701623,B,0,0
2025-01-01 10:14:00,74.45751979616827,A,0,0
2025-01-01 10:15:00,51.292211819752275,C,0,0
2025-01-01 10:16:00,51.09394794604893,D,0,0
2025-01-01 10:17:00,57.25766623898692,A,0,0
2025-01-01 10:18:00,54.810092317367136,A,0,0
2025-01-01 10:19:00,52.23884024279131,D,1,0
2025-01-01 10:20:00,42.09525544554688,B,0,0
2025-01-01 10:21:00,54.714683571359956,D,0,0
2025-01-01 10:22:00,68.82024496475034,A,0,0
2025-01-01 10:23:00,92.08368759794672,D,1,1
2025-01-01 10:24:00,65.93186626639397,C,0,0
2025-01-01 10:25:00,44.88784323568815,D,0,0
2025-01-01 10:26:00,100.4109075777543,A,1,1
2025-01-01 10:27:00,48.74213079900352,D,0,0
2025-01-01 10:28:00,50.557249122886944,B,0,0
2025-01-01 10:29:00,60.94191518470949,D,1,0
2025-01-01 10:30:00,33.07535370285181,B,0,0
2025-01-01 10:31:00,65.29550319460614,C,1,0
2025-01-01 10:32:00,48.419921014210104,B,0,0
2025-01-01 10:33:00,92.91876906265821,D,1,1
2025-01-01 10:34:00,39.87895624739832,A,0,0
2025-01-01 10:35:00,33.451433281342304,B,0,0
2025-01-01 10:36:00,58.231705839619146,C,1,0
2025-01-01 10:37:00,50.73317967188404,B,0,0
2025-01-01 10:38:00,37.10039100258946,B,1,0
2025-01-01 10:39:00,37.04921227936384,B,0,0
2025-01-01 10:40:00,46.64215300709872,C,0,0
2025-01-01 10:41:00,66.69021525289392,D,0,0
2025-01-01 10:42:00,47.40408648636395,B,0,0
2025-01-01 10:43:00,34.96857046881894,B,0,0
2025-01-01 10:44:00,47.54256935914056,A,0,0
2025-01-01 10:45:00,47.27276430252329,C,0,0
2025-01-01 10:46:00,23.031133570584284,B,0,0
2025-01-01 10:47:00,132.87380990504477,C,1,1
2025-01-01 10:48:00,47.69065469791322,B,0,0
2025-01-01 10:49:00,56.96206364813418,D,0,0
2025-01-01 10:50:00,68.48956094945345,D,0,0
2025-01-01 10:51:00,61.26565029547757,B,0,0
2025-01-01 10:52:00,47.31111309445169,D,0,0
2025-01-01 10:53:00,38.934740912583294,B,0,0
2025-01-01 10:54:00,75.7335980324986,D,0,0
2025-01-01 10:55:00,50.59218434014488,A,1,0
2025-01-01 10:56:00,50.13929291912946,A,0,0
2025-01-01 10:57:00,49.758749128899964,A,0,0
2025-01-01 10:58:00,51.98084760767855,C,0,0
2025-01-01 10:59:00,48.556395880760576,C,0,0
2025-01-01 11:00:00,44.26337993119763,A,0,0
2025-01-01 11:01:00,44.53141058759608,C,0,0
2025-01-01 11:02:00,49.672467297840015,D,0,0
2025-01-01 11:03:00,44.56575228866235,B,0,0
2025-01-01 11:04:00,42.871542173228356,B,1,0
2025-01-01 11:05:00,51.064302276918966,B,0,0
2025-01-01 11:06:00,47.450227825791444,A,0,0
2025-01-01 11:07:00,65.0399298858269,C,0,0
2025-01-01 11:08:00,23.490301916069882,D,0,0
2025-01-01 11:09:00,60.91506851922462,D,0,0
2025-01-01 11:10:00,62.46085192497629,A,0,0
2025-01-01 11:11:00,29.266097675918505,D,0,0
2025-01-01 11:12:00,46.573124059196516,D,0,0
2025-01-01 11:13:00,46.28559134004209,D,0,0
2025-01-01 11:14:00,35.924883052821784,D,0,0
2025-01-01 11:15:00,42.22183312409125,C,1,0
2025-01-01 11:16:00,38.894241545341714,D,1,0
2025-01-01 11:17:00,67.52270443423623,B,0,0
2025-01-01 11:18:00,59.35678393147461,A,0,0
2025-01-01 11:19:00,62.71555094994159,C,0,0
2025-01-01 11:20:00,57.21672064043235,D,0,0
2025-01-01 11:21:00,38.70948228782771,C,0,0
2025-01-01 11:22:00,44.75479733720226,D,0,0
2025-01-01 11:23:00,54.89374561227918,B,0,0
2025-01-01 11:24:00,37.778721911080545,A,0,0
2025-01-01 11:25:00,57.12998430172388,D,0,0
2025-01-01 11:26:00,47.59674601841865,D,1,0
2025-01-01 11:27:00,103.28636663802024,D,1,1
2025-01-01 11:28:00,57.10959968203491,D,0,0
2025-01-01 11:29:00,54.4426331148604,A,1,0
2025-01-01 11:30:00,46.3903383418092,A,0,0
2025-01-01 11:31:00,61.59329803364248,B,0,0
2025-01-01 11:32:00,39.189366724001026,A,0,0
2025-01-01 11:33:00,56.15935606944264,D,0,0
2025-01-01 11:34:00,55.93101257968384,B,0,0
2025-01-01 11:35:00,46.904535606860094,B,0,0
2025-01-01 11:36:00,53.26133022242118,B,0,0
2025-01-01 11:37:00,116.68456813199099,D,1,1
2025-01-01 11:38:00,59.24027019206901,C,0,0
2025-01-01 11:39:00,48.15097863557011,D,0,0
2025-01-01 11:40:00,44.772769794809605,A,0,0
2025-01-01 11:41:00,60.49009225836889,A,0,0
2025-01-01 11:42:00,82.72270868253915,D,1,1
2025-01-01 11:43:00,35.91538703636441,D,0,0
2025-01-01 11:44:00,34.433708264760966,B,0,0
2025-01-01 11:45:00,56.06009951345639,D,0,0
2025-01-01 11:46:00,37.19570647503717,B,0,0
2025-01-01 11:47:00,67.54794181984364,A,1,0
2025-01-01 11:48:00,29.18070592116278,B,0,0
2025-01-01 11:49:00,66.96456368290038,D,0,0
2025-01-01 11:50:00,52.11017467202618,A,0,0
2025-01-01 11:51:00,49.032868881296075,C,0,0
2025-01-01 11:52:00,44.550809131910505,B,0,0
2025-01-01 11:53:00,53.991361143520706,A,0,0
2025-01-01 11:54:00,49.62365297575152,B,0,0
2025-01-01 11:55:00,61.03301882016521,A,0,0
2025-01-01 11:56:00,51.142276486620396,A,0,0
2025-01-01 11:57:00,51.50301761461878,B,0,0
2025-01-01 11:58:00,46.36387787786144,C,0,0
2025-01-01 11:59:00,49.43054376278933,A,1,0
2025-01-01 12:00:00,53.07801768892059,A,0,0
2025-01-01 12:01:00,32.89831607343375,A,0,0
2025-01-01 12:02:00,36.518145778942866,C,0,0
2025-01-01 12:03:00,57.43264094022715,C,0,0
2025-01-01 12:04:00,51.708654381279416,D,0,0
2025-01-01 12:05:00,48.16016663647321,B,0,0
2025-01-01 12:06:00,50.184339330653934,C,0,0
2025-01-01 12:07:00,53.47581705361671,B,0,0
2025-01-01 12:08:00,44.60240319690639,D,0,0
2025-01-01 12:09:00,42.216952745976876,B,0,0
2025-01-01 12:10:00,51.958452550976816,C,0,0
2025-01-01 12:11:00,79.739409807797,B,1,1
2025-01-01 12:12:00,54.082527557144715,C,0,0
2025-01-01 12:13:00,32.9741639576216,B,1,0
2025-01-01 12:14:00,60.29155637325644,C,0,0
2025-01-01 12:15:00,54.72597482413043,C,0,0
2025-01-01 12:16:00,52.56029734313876,B,0,0
2025-01-01 12:17:00,59.82690983945514,D,0,0
2025-01-01 12:18:00,66.65474444462576,A,0,0
2025-01-01 12:19:00,60.1437006501813,D,0,0
2025-01-01 12:20:00,31.591257686683548,B,0,0
2025-01-01 12:21:00,102.68945684125826,D,1,1
2025-01-01 12:22:00,43.75181422304321,C,0,0
2025-01-01 12:23:00,50.26091050210834,A,0,0
2025-01-01 12:24:00,55.17659020469123,B,0,0
2025-01-01 12:25:00,42.742561868465344,B,0,0
2025-01-01 12:26:00,51.86766764477078,B,0,0
2025-01-01 12:27:00,42.44617067646678,A,0,0
2025-01-01 12:28:00,43.884821970080516,C,0,0
2025-01-01 12:29:00,35.93338903151778,B,0,0
2025-01-01 12:30:00,40.76766753889096,D,0,0
2025-01-01 12:31:00,36.48315394383666,B,0,0
2025-01-01 12:32:00,40.241267470226674,B,0,0
2025-01-01 12:33:00,60.536417966078396,B,0,0
2025-01-01 12:34:00,40.50601111168057,B,0,0
2025-01-01 12:35:00,76.32382064837391,C,0,0
2025-01-01 12:36:00,54.93317900880889,D,0,0
2025-01-01 12:37:00,51.84836123694874,C,1,0
2025-01-01 12:38:00,41.41642219818787,D,0,0
2025-01-01 12:39:00,57.003098794089915,B,1,0
2025-01-01 12:40:00,44.24362173762226,A,0,0
2025-01-01 12:41:00,51.220098146453616,C,0,0
2025-01-01 12:42:00,75.60084538268795,A,0,0
2025-01-01 12:43:00,49.0394010027535,C,0,0
2025-01-01 12:44:00,61.49273326285676,B,0,0
2025-01-01 12:45:00,42.96823574874112,C,0,0
2025-01-01 12:46:00,49.65011509503038,B,0,0
2025-01-01 12:47:00,67.7080063563551,C,0,0
2025-01-01 12:48:00,43.730329422122324,B,0,0
2025-01-01 12:49:00,68.12448557996929,B,0,0
2025-01-01 12:50:00,57.07751935455475,D,0,0
2025-01-01 12:51:00,106.67358119890794,B,1,1
2025-01-01 12:52:00,56.32407739055521,D,0,0
2025-01-01 12:53:00,59.7255444962673,B,1,0
2025-01-01 12:54:00,56.21809962217196,A,0,0
2025-01-01 12:55:00,34.297752801095434,B,1,0
2025-01-01 12:56:00,42.728628241751316,A,0,0
2025-01-01 12:57:00,47.52481364448495,A,0,0
2025-01-01 12:58:00,49.25566570899954,B,0,0
2025-01-01 12:59:00,56.206720975506784,A,0,0
2025-01-01 13:00:00,51.777010009332535,D,1,0
2025-01-01 13:01:00,36.64655641289899,C,0,0
2025-01-01 13:02:00,53.801978510059634,B,0,0
2025-01-01 13:03:00,56.10585745283823,A,0,0
2025-01-01 13:04:00,55.5979044793104,B,0,0
2025-01-01 13:05:00,60.807807255546216,D,0,0
2025-01-01 13:06:00,58.33922154548904,B,0,0
2025-01-01 13:07:00,54.59180079228437,B,0,0
2025-01-01 13:08:00,49.29834288541353,A,0,0
2025-01-01 13:09:00,33.39039066484008,D,0,0
2025-01-01 13:10:00,54.296182191325855,C,0,0
2025-01-01 13:11:00,52.076876871631114,C,0,0
2025-01-01 13:12:00,52.715788371953735,A,0,0
2025-01-01 13:13:00,37.232514241796906,B,0,0
2025-01-01 13:14:00,39.189434595917376,A,0,0
2025-01-01 13:15:00,113.76533468101694,A,1,1
2025-01-01 13:16:00,49.60444846143345,A,0,0
2025-01-01 13:17:00,56.81500697372624,B,0,0
2025-01-01 13:18:00,92.40306142176182,D,1,1
2025-01-01 13:19:00,50.297561394957455,A,0,0
2025-01-01 13:20:00,59.382838059759976,B,0,0
2025-01-01 13:21:00,44.83955271782626,D,0,0
2025-01-01 13:22:00,50.96120776940983,A,0,0
2025-01-01 13:23:00,45.377247112949576,C,0,0
2025-01-01 13:24:00,45.65503772567684,D,0,0
2025-01-01 13:25:00,46.908278765313604,A,0,0
2025-01-01 13:26:00,52.22133771633713,D,0,0
2025-01-01 13:27:00,45.212513783365225,D,0,0
2025-01-01 13:28:00,62.55756125573521,D,0,0
2025-01-01 13:29:00,41.05392697780496,D,0,0
2025-01-01 13:30:00,48.13128355838641,D,0,0
2025-01-01 13:31:00,45.60268941725825,D,0,0
2025-01-01 13:32:00,64.46977884353733,A,0,0
2025-01-01 13:33:00,51.965547765115744,C,0,0
2025-01-01 13:34:00,60.31844539468635,B,0,0
2025-01-01 13:35:00,35.14439626963028,D,0,0
2025-01-01 13:36:00,52.67050265869259,B,0,0
2025-01-01 13:37:00,58.89630795623437,A,0,0
2025-01-01 13:38:00,50.82283989275424,D,0,0
2025-01-01 13:39:00,60.654803750653514,C,0,0
2025-01-01 13:40:00,44.82711549899628,B,0,0
2025-01-01 13:41:00,64.0934744018558,D,0,0
2025-01-01 13:42:00,72.9889812361925,A,0,0
2025-01-01 13:43:00,46.37161439560341,C,0,0
2025-01-01 13:44:00,45.54497478599228,B,0,0
2025-01-01 13:45:00,64.533844771177,B,0,0
2025-01-01 13:46:00,65.79572145730712,D,0,0
2025-01-01 13:47:00,97.76795338314197,C,1,1
2025-01-01 13:48:00,91.02566862669802,C,1,1
2025-01-01 13:49:00,47.18215391139493,C,1,0
2025-01-01 13:50:00,36.555494889657226,C,0,0
2025-01-01 13:51:00,40.81348053515802,A,0,0
2025-01-01 13:52:00,39.95859233247932,C,0,0
2025-01-01 13:53:00,42.32202434895871,B,0,0
2025-01-01 13:54:00,49.65315112613219,B,0,0
2025-01-01 13:55:00,52.342147325365204,A,0,0
2025-01-01 13:56:00,65.50500492814076,B,0,0
2025-01-01 13:57:00,40.016459592612094,B,0,0
2025-01-01 13:58:00,59.843223984765835,C,0,0
2025-01-01 13:59:00,47.86011155774491,B,0,0
2025-01-01 14:00:00,49.50536290347567,A,1,0
2025-01-01 14:01:00,56.74819492166604,C,0,0
2025-01-01 14:02:00,38.772779784377015,D,1,0
2025-01-01 14:03:00,53.82409746184051,C,0,0
2025-01-01 14:04:00,51.66452208213056,A,0,0
2025-01-01 14:05:00,54.92451264008149,C,0,0
2025-01-01 14:06:00,52.89168643907818,C,0,0
2025-01-01 14:07:00,74.55300139910895,A,0,0
2025-01-01 14:08:00,43.62260015748684,C,0,0
2025-01-01 14:09:00,44.690030449981826,A,0,0
2025-01-01 14:10:00,43.76859473575236,A,1,0
2025-01-01 14:11:00,44.44522880839745,D,0,0
2025-01-01 14:12:00,43.62612872693482,B,0,0
2025-01-01 14:13:00,61.89016531107552,B,0,0
2025-01-01 14:14:00,64.20504247989855,C,0,0
2025-01-01 14:15:00,44.29253706250524,C,0,0
2025-01-01 14:16:00,41.67644426895771,D,0,0
2025-01-01 14:17:00,54.71415556386404,D,0,0
2025-01-01 14:18:00,44.477769557190285,D,0,0
2025-01-01 14:19:00,114.59822985765749,A,1,1
2025-01-01 14:20:00,52.029230208513,D,0,0
2025-01-01 14:21:00,34.84255885002768,D,0,0
2025-01-01 14:22:00,65.47505201330061,C,0,0
2025-01-01 14:23:00,79.57118754682816,D,1,1
2025-01-01 14:24:00,43.87211309515614,A,0,0
2025-01-01 14:25:00,46.122984400640156,A,0,0
2025-01-01 14:26:00,52.85865390724905,C,0,0
2025-01-01 14:27:00,53.34456789987025,D,0,0
2025-01-01 14:28:00,56.5854427267283,D,0,0
2025-01-01 14:29:00,70.1020453876635,A,0,0
2025-01-01 14:30:00,48.2305277250595,D,0,0
2025-01-01 14:31:00,42.01702755461546,D,0,0
2025-01-01 14:32:00,36.20680771985473,D,0,0
2025-01-01 14:33:00,42.69069960058081,B,0,0
2025-01-01 14:34:00,49.66873027126203,C,0,0
2025-01-01 14:35:00,67.94557863517788,B,0,0
2025-01-01 14:36:00,44.823887009638284,C,0,0
2025-01-01 14:37:00,52.237879516388986,A,0,0
2025-01-01 14:38:00,49.83577103927248,D,0,0
2025-01-01 14:39:00,61.88393273448084,C,0,0
2025-01-01 14:40:00,75.26932425873622,B,0,0
2025-01-01 14:41:00,44.69131227079679,D,0,0
2025-01-01 14:42:00,45.10560557481778,A,0,0
2025-01-01 14:43:00,60.44160877069072,C,0,0
2025-01-01 14:44:00,72.23630579651586,C,1,1
2025-01-01 14:45:00,68.46707325736034,C,0,0
2025-01-01 14:46:00,55.839281853259635,D,0,0
2025-01-01 14:47:00,46.40707909212941,B,0,0
2025-01-01 14:48:00,55.90654830692309,B,0,0
2025-01-01 14:49:00,61.087035805829075,C,0,0
2025-01-01 14:50:00,58.204821811973645,A,0,0
2025-01-01 14:51:00,55.07274031107298,A,0,0
2025-01-01 14:52:00,60.666746895891535,B,0,0
2025-01-01 14:53:00,61.692955904456724,A,0,0
2025-01-01 14:54:00,63.82158991037527,B,0,0
2025-01-01 14:55:00,56.48709887589643,C,0,0
2025-01-01 14:56:00,48.328819196831454,B,0,0
2025-01-01 14:57:00,51.46713686433323,B,0,0
2025-01-01 14:58:00,62.06508966508357,C,1,0
2025-01-01 14:59:00,41.83064329012764,A,0,0
2025-01-01 15:00:00,53.686733088729014,B,0,0
2025-01-01 15:01:00,46.06661187672639,B,0,0
2025-01-01 15:02:00,50.28744822934817,C,0,0
2025-01-01 15:03:00,103.42923682453194,A,1,1
2025-01-01 15:04:00,51.910990680199035,B,0,0
2025-01-01 15:05:00,50.46436548156149,C,1,0
2025-01-01 15:06:00,36.40143859020081,B,0,0
2025-01-01 15:07:00,57.46253566027221,D,0,0
2025-01-01 15:08:00,56.45484181141075,C,0,0
2025-01-01 15:09:00,71.6325472330546,A,0,0
2025-01-01 15:10:00,46.92221765046999,A,0,0
2025-01-01 15:11:00,52.19150327663939,A,0,0
2025-01-01 15:12:00,52.49383683710755,A,0,0
2025-01-01 15:13:00,65.77453279763475,B,0,0
2025-01-01 15:14:00,49.047044676130476,B,0,0
2025-01-01 15:15:00,52.790215257703395,A,0,0
2025-01-01 15:16:00,56.078965097165394,A,0,0
2025-01-01 15:17:00,51.86609123156358,A,0,0
2025-01-01 15:18:00,45.535663854494715,B,0,0
2025-01-01 15:19:00,51.94089992898308,A,0,0
2025-01-01 15:20:00,60.73631749859772,A,0,0
2025-01-01 15:21:00,39.7348470058894,D,1,0
2025-01-01 15:22:00,51.32969674146876,D,0,0
2025-01-01 15:23:00,112.72819092841429,A,1,1
2025-01-01 15:24:00,61.950466289248425,C,0,0
2025-01-01 15:25:00,74.5541053075203,A,1,1
2025-01-01 15:26:00,44.410781527284115,D,0,0
2025-01-01 15:27:00,53.772118750645205,C,0,0
2025-01-01 15:28:00,65.65524029234341,C,0,0
2025-01-01 15:29:00,49.34249738927012,A,0,0
2025-01-01 15:30:00,44.44800473306802,D,0,0
2025-01-01 15:31:00,68.8115706944059,D,0,0
2025-01-01 15:32:00,35.51986099583756,C,0,0
2025-01-01 15:33:00,28.011940433799182,A,0,0
2025-01-01 15:34:00,54.40014450053332,B,0,0
2025-01-01 15:35:00,44.97945775647389,B,0,0
2025-01-01 15:36:00,39.787671828692865,D,0,0
2025-01-01 15:37:00,57.08356447299353,B,1,0
2025-01-01 15:38:00,52.43800713771199,D,1,0
2025-01-01 15:39:00,44.359213692632714,D,0,0
2025-01-01 15:40:00,37.19695601329106,D,1,0
2025-01-01 15:41:00,58.724573282801444,B,0,0
2025-01-01 15:42:00,56.50201177958661,D,1,0
2025-01-01 15:43:00,49.00824136220617,C,0,0
2025-01-01 15:44:00,68.46636996047665,A,0,0
2025-01-01 15:45:00,39.29915233673847,A,0,0
2025-01-01 15:46:00,34.74474829075261,D,0,0
2025-01-01 15:47:00,43.080919301187556,A,0,0
2025-01-01 15:48:00,49.54413983644502,B,0,0
2025-01-01 15:49:00,52.43339449322692,B,0,0
2025-01-01 15:50:00,120.81818700612226,A,1,1
2025-01-01 15:51:00,53.520553965142966,B,0,0
2025-01-01 15:52:00,37.48460575809556,A,0,0
2025-01-01 15:53:00,64.4376460407326,A,0,0
2025-01-01 15:54:00,49.178488216074314,A,0,0
2025-01-01 15:55:00,61.172958315881274,D,0,0
2025-01-01 15:56:00,53.42725346377704,A,0,0
2025-01-01 15:57:00,54.567532191537836,D,0,0
2025-01-01 15:58:00,55.69767280232204,A,1,0
2025-01-01 15:59:00,54.47708560017315,A,0,0
2025-01-01 16:00:00,56.42722759867544,A,0,0
2025-01-01 16:01:00,63.29152530132431,B,0,0
2025-01-01 16:02:00,51.9652116970147,D,0,0
2025-01-01 16:03:00,57.09003757588512,D,0,0
2025-01-01 16:04:00,49.102643057127736,A,0,0
2025-01-01 16:05:00,64.40117215449473,A,0,0
2025-01-01 16:06:00,43.2360769794073,B,0,0
2025-01-01 16:07:00,68.00940432910815,B,0,0
2025-01-01 16:08:00,49.59842049355657,B,0,0
2025-01-01 16:09:00,35.69224897881952,D,1,0
2025-01-01 16:10:00,51.28104414910789,D,0,0
2025-01-01 16:11:00,43.18948342525119,D,0,0
2025-01-01 16:12:00,58.406435489887244,A,0,0
2025-01-01 16:13:00,43.47376020697609,D,0,0
2025-01-01 16:14:00,45.538165667852205,C,0,0
2025-01-01 16:15:00,31.104592690544692,C,0,0
2025-01-01 16:16:00,45.47693680750923,B,0,0
2025-01-01 16:17:00,25.761206733710434,D,0,0
2025-01-01 16:18:00,34.16097176514277,C,0,0
2025-01-01 16:19:00,57.604146561442974,B,0,0
2025-01-01 16:20:00,57.85800158650832,D,0,0
2025-01-01 16:21:00,54.254575617849646,A,0,0
2025-01-01 16:22:00,40.33023856870787,C,0,0
2025-01-01 16:23:00,49.5228864385802,A,0,0
2025-01-01 16:24:00,103.88405724312491,D,1,1
2025-01-01 16:25:00,127.34545612564165,C,1,1
2025-01-01 16:26:00,65.0339830176715,D,1,0
2025-01-01 16:27:00,58.77362290575671,A,0,0
2025-01-01 16:28:00,47.79035826170336,C,0,0
2025-01-01 16:29:00,50.26885838994531,A,0,0
2025-01-01 16:30:00,52.08382807947552,D,1,0
2025-01-01 16:31:00,29.582651315757094,D,0,0
2025-01-01 16:32:00,47.52822617479403,A,1,0
2025-01-01 16:33:00,43.180157520022014,C,1,0
2025-01-01 16:34:00,39.983799901050844,A,0,0
2025-01-01 16:35:00,47.18899707114045,D,1,0
2025-01-01 16:36:00,67.97686526849523,A,0,0
2025-01-01 16:37:00,56.4084286126701,D,0,0
2025-01-01 16:38:00,44.28821010217203,A,0,0
2025-01-01 16:39:00,55.72582781356159,C,0,0
